,Municipality code,square
0,5555,"[-76.55323133405957, 3.4062672204498083, -76.4860619546151, 3.473745747318065]"
